,Title,Year,Certificate,Runtime,Genre,IMDB,Metascore,Director,Votes,Gross
0,Incredibles 2,(2018),P13,118 min,"Animation, Action, Adventure",7.6,80        ,Brad Bird,"313,956",$608.58M
1,The Lion King,(2019),P13,118 min,"Animation, Adventure, Drama",6.8,55        ,Jon Favreau,"256,831",$543.64M
2,Finding Dory,(2016),U,97 min,"Animation, Adventure, Comedy",7.3,77        ,Andrew Stanton,"289,941",$486.30M
3,Frozen II,(2019),P13,103 min,"Animation, Adventure, Comedy",6.8,64        ,Chris Buck,"183,519",$477.37M
4,Shrek 2,(2004),U,93 min,"Animation, Adventure, Comedy",7.3,75        ,Andrew Adamson,"485,150",$436.47M
5,Toy Story 4,(2019),U,100 min,"Animation, Adventure, Comedy",7.7,84        ,Josh Cooley,"265,617",$434.04M
6,The Lion King,(1994),U,88 min,"Animation, Adventure, Drama",8.5,88        ,Roger Allers,"1,095,322",$422.78M
7,Toy Story 3,(2010),U,103 min,"Animation, Adventure, Comedy",8.3,92        ,Lee Unkrich,"862,407",$415.00M
8,Frozen,(I) (2013),U,102 min,"Animation, Adventure, Comedy",7.4,75        ,Chris Buck,"643,425",$400.74M
9,Finding Nemo,(2003),U,100 min,"Animation, Adventure, Comedy",8.2,90        ,Andrew Stanton,"1,074,906",$380.84M
10,Minions: The Rise of Gru,(2022),P13,87 min,"Animation, Adventure, Comedy",6.5,56        ,Kyle Balda,"76,839",$369.70M
11,The Secret Life of Pets,(2016),U,87 min,"Animation, Adventure, Comedy",6.5,61        ,Chris Renaud,"210,204",$368.38M
12,Despicable Me 2,(2013),U,98 min,"Animation, Adventure, Comedy",7.3,62        ,Pierre Coffin,"413,050",$368.06M
13,Inside Out,(I) (2015),U,95 min,"Animation, Adventure, Comedy",8.1,94        ,Pete Docter,"745,177",$356.46M
14,Zootopia,(2016),P13,108 min,"Animation, Adventure, Comedy",8.0,78        ,Byron Howard,"521,595",$341.27M
15,Minions,(2015),P13,91 min,"Animation, Adventure, Comedy",6.4,56        ,Kyle Balda,"249,196",$336.05M
16,Shrek the Third,(2007),U,93 min,"Animation, Adventure, Comedy",6.1,58        ,Chris Miller,"320,951",$320.71M
17,Up,(2009),U,96 min,"Animation, Adventure, Comedy",8.3,88        ,Pete Docter,"1,079,901",$293.00M
18,"Monsters, Inc.",(2001),U,92 min,"Animation, Adventure, Comedy",8.1,79        ,Pete Docter,"940,568",$289.92M
19,The Grinch,(2018),P13,85 min,"Animation, Comedy, Family",6.4,51        ,Yarrow Cheney,"78,779",$270.62M
20,Sing,(2016),U,108 min,"Animation, Comedy, Family",7.1,59        ,Garth Jennings,"180,800",$270.40M
21,Monsters University,(2013),U,104 min,"Animation, Adventure, Comedy",7.2,65        ,Dan Scanlon,"374,779",$268.49M
22,Shrek,(2001),U,90 min,"Animation, Adventure, Comedy",7.9,84        ,Andrew Adamson,"705,294",$267.67M
23,Despicable Me 3,(2017),P13,89 min,"Animation, Adventure, Comedy",6.2,49        ,Kyle Balda,"144,672",$264.62M
24,The Incredibles,(2004),U,115 min,"Animation, Action, Adventure",8.0,90        ,Brad Bird,"770,414",$261.44M
25,The Lego Movie,(2014),U,100 min,"Animation, Action, Adventure",7.7,83        ,Phil Lord,"374,108",$257.76M
26,Despicable Me,(2010),U,95 min,"Animation, Adventure, Comedy",7.6,72        ,Pierre Coffin,"564,683",$251.51M
27,Moana,(I) (2016),P13,107 min,"Animation, Adventure, Comedy",7.6,81        ,Ron Clements,"356,186",$248.76M
28,Toy Story 2,(1999),U,92 min,"Animation, Adventure, Comedy",7.9,88        ,John Lasseter,"600,126",$245.85M
29,Cars,(2006),U,117 min,"Animation, Adventure, Comedy",7.2,73        ,John Lasseter,"444,195",$244.08M
30,Shrek Forever After,(2010),U,95 min,"Animation, Adventure, Comedy",6.3,58        ,Mike Mitchell,"216,413",$238.37M
31,Brave,(2012),P13,93 min,"Animation, Adventure, Comedy",7.1,69        ,Mark Andrews,"426,878",$237.28M
32,WALL·E,(2008),U,98 min,"Animation, Adventure, Family",8.4,95        ,Andrew Stanton,"1,153,547",$223.81M
33,Big Hero 6,(2014),P13,102 min,"Animation, Action, Adventure",7.8,74        ,Don Hall,"481,270",$222.53M
34,Alvin and the Chipmunks: The Squeakquel,(2009),U,88 min,"Animation, Adventure, Comedy",4.5,41        ,Betty Thomas,"52,142",$219.61M
35,Beauty and the Beast,(1991),U,84 min,"Animation, Family, Fantasy",8.0,95        ,Gary Trousdale,"467,281",$218.97M
36,How to Train Your Dragon,(2010),U,98 min,"Animation, Action, Adventure",8.1,75        ,Dean DeBlois,"768,325",$217.58M
37,Aladdin,(1992),U,90 min,"Animation, Adventure, Comedy",8.0,86        ,Ron Clements,"442,688",$217.35M
38,Alvin and the Chipmunks,(2007),U,92 min,"Animation, Adventure, Comedy",5.2,39        ,Tim Hill,"90,847",$217.33M
39,Madagascar 3: Europe's Most Wanted,(2012),U,95 min,"Animation, Adventure, Comedy",6.8,60        ,Eric Darnell,"190,448",$216.39M
40,Kung Fu Panda,(2008),U,92 min,"Animation, Action, Adventure",7.6,74        ,Mark Osborne,"493,593",$215.43M
41,The Lorax,(2012),U,86 min,"Animation, Adventure, Comedy",6.4,46        ,Chris Renaud,"123,159",$214.03M
42,Coco,(I) (2017),U,105 min,"Animation, Adventure, Drama",8.4,81        ,Lee Unkrich,"544,366",$209.73M
43,Ratatouille,(2007),U,111 min,"Animation, Adventure, Comedy",8.1,96        ,Brad Bird,"776,953",$206.45M
44,Ralph Breaks the Internet,(2018),P13,112 min,"Animation, Adventure, Comedy",7.0,71        ,Phil Johnston,"172,485",$201.09M
45,Tangled,(2010),U,100 min,"Animation, Adventure, Comedy",7.7,71        ,Nathan Greno,"473,498",$200.82M
46,Monsters vs. Aliens,(2009),U,94 min,"Animation, Action, Adventure",6.4,56        ,Rob Letterman,"170,347",$198.35M
47,Happy Feet,(2006),U,108 min,"Animation, Adventure, Comedy",6.4,77        ,George Miller,"193,901",$198.00M
48,Ice Age: Dawn of the Dinosaurs,(2009),U,94 min,"Animation, Adventure, Comedy",6.9,50        ,Carlos Saldanha,"255,263",$196.57M
49,Ice Age: The Meltdown,(2006),U,91 min,"Animation, Adventure, Comedy",6.8,59        ,Carlos Saldanha,"288,058",$195.33M
50,Madagascar,(2005),U,86 min,"Animation, Adventure, Comedy",6.9,57        ,Eric Darnell,"420,713",$193.60M
51,Toy Story,(1995),U,81 min,"Animation, Adventure, Comedy",8.3,96        ,John Lasseter,"1,027,726",$191.80M
52,Cars 2,(2011),U,106 min,"Animation, Adventure, Comedy",6.2,57        ,John Lasseter,"204,159",$191.45M
53,Spider-Man: Into the Spider-Verse,(2018),P13,117 min,"Animation, Action, Adventure",8.4,87        ,Bob Persichetti,"611,900",$190.24M
54,Wreck-It Ralph,(2012),U,101 min,"Animation, Adventure, Comedy",7.7,72        ,Rich Moore,"441,123",$189.42M
55,The Croods,(2013),P13,98 min,"Animation, Action, Adventure",7.2,55        ,Kirk DeMicco,"224,289",$187.17M
56,Snow White and the Seven Dwarfs,(1937),U,83 min,"Animation, Adventure, Family",7.6,96        ,William Cottrell,"207,602",$184.93M
57,The Polar Express,(2004),U,100 min,"Animation, Adventure, Comedy",6.6,61        ,Robert Zemeckis,"224,108",$183.37M
58,The Simpsons Movie,(2007),P13,87 min,"Animation, Adventure, Comedy",7.3,80        ,David Silverman,"340,651",$183.14M
59,Madagascar: Escape 2 Africa,(2008),U,89 min,"Animation, Adventure, Comedy",6.6,61        ,Eric Darnell,"238,250",$180.01M
60,Home,(II) (2015),PG,94 min,"Animation, Adventure, Comedy",6.5,55        ,Tim Johnson,"107,795",$177.40M
61,How to Train Your Dragon 2,(2014),P13,102 min,"Animation, Action, Adventure",7.8,77        ,Dean DeBlois,"350,585",$177.00M
62,Ice Age,(2002),U,81 min,"Animation, Adventure, Comedy",7.5,61        ,Chris Wedge,"499,799",$176.39M
63,The Lego Batman Movie,(2017),U,104 min,"Animation, Action, Adventure",7.3,75        ,Chris McKay,"163,539",$175.75M
64,The Boss Baby,(2017),U,97 min,"Animation, Adventure, Comedy",6.3,50        ,Tom McGrath,"134,903",$175.00M
65,Tarzan,(1999),U,88 min,"Animation, Adventure, Comedy",7.3,79        ,Chris Buck,"237,264",$171.09M
66,Hotel Transylvania 2,(2015),P13,89 min,"Animation, Adventure, Comedy",6.6,44        ,Genndy Tartakovsky,"135,601",$169.70M
67,Puss in Boots: The Last Wish,(2022),PG,102 min,"Animation, Adventure, Comedy",7.9,73        ,Joel Crawford,"143,329",$168.46M
68,Hotel Transylvania 3: Summer Vacation,(2018),P13,97 min,"Animation, Adventure, Comedy",6.3,54        ,Genndy Tartakovsky,"80,000",$167.51M
69,Kung Fu Panda 2,(2011),U,90 min,"Animation, Action, Adventure",7.2,67        ,Jennifer Yuh Nelson,"301,657",$165.25M
70,The SpongeBob Movie: Sponge Out of Water,(2015),P13,92 min,"Animation, Adventure, Comedy",6.0,62        ,Paul Tibbitt,"58,706",$162.99M
71,A Bug's Life,(1998),,95 min,"Animation, Adventure, Comedy",7.2,77        ,John Lasseter,"304,085",$162.80M
72,Sing 2,(2021),PG,110 min,"Animation, Adventure, Comedy",7.4,49        ,Garth Jennings,"77,162",$162.79M
73,Ice Age: Continental Drift,(2012),U,88 min,"Animation, Adventure, Comedy",6.5,49        ,Steve Martino,"217,477",$161.32M
74,Shark Tale,(2004),U,90 min,"Animation, Adventure, Comedy",6.0,48        ,Bibo Bergeron,"191,966",$160.86M
75,How to Train Your Dragon: The Hidden World,(2019),P13,104 min,"Animation, Action, Adventure",7.4,71        ,Dean DeBlois,"140,463",$160.80M
76,The Secret Life of Pets 2,(2019),U,86 min,"Animation, Adventure, Comedy",6.4,55        ,Chris Renaud,"65,991",$158.87M
77,Who Framed Roger Rabbit,(1988),U,104 min,"Animation, Adventure, Comedy",7.7,83        ,Robert Zemeckis,"209,622",$156.45M
78,Over the Hedge,(2006),U,83 min,"Animation, Adventure, Comedy",6.7,67        ,Tim Johnson,"183,828",$155.02M
79,Horton Hears a Who!,(2008),U,86 min,"Animation, Adventure, Comedy",6.8,71        ,Jimmy Hayward,"146,325",$154.53M
80,Trolls,(2016),P13,92 min,"Animation, Adventure, Comedy",6.4,55        ,Mike Mitchell,"86,735",$153.71M
81,Cars 3,(2017),U,102 min,"Animation, Adventure, Comedy",6.7,59        ,Brian Fee,"111,083",$152.90M
82,Puss in Boots,(2011),U,90 min,"Animation, Adventure, Comedy",6.6,65        ,Chris Miller,"183,816",$149.26M
83,Megamind,(2010),U,95 min,"Animation, Action, Comedy",7.3,63        ,Tom McGrath,"279,862",$148.42M
84,Hotel Transylvania,(2012),U,91 min,"Animation, Adventure, Comedy",7.0,47        ,Genndy Tartakovsky,"268,384",$148.31M
85,Lilo & Stitch,(2002),U,85 min,"Animation, Adventure, Comedy",7.3,74        ,Dean DeBlois,"202,032",$145.79M
86,One Hundred and One Dalmatians,(1961),U,79 min,"Animation, Adventure, Comedy",7.3,83        ,Clyde Geronimi,"175,405",$144.88M
87,Rio,(2011),U,96 min,"Animation, Adventure, Comedy",6.9,63        ,Carlos Saldanha,"238,916",$143.62M
88,Kung Fu Panda 3,(2016),U,95 min,"Animation, Action, Adventure",7.1,66        ,Alessandro Carloni,"172,620",$143.53M
89,The Smurfs,(2011),U,103 min,"Animation, Adventure, Comedy",5.4,30        ,Raja Gosnell,"93,861",$142.61M
90,The Jungle Book,(1967),U,78 min,"Animation, Adventure, Comedy",7.6,65        ,Wolfgang Reitherman,"191,569",$141.84M
91,Pocahontas,(I) (1995),G,81 min,"Animation, Adventure, Drama",6.7,58        ,Mike Gabriel,"195,788",$141.60M
92,A Christmas Carol,(2009),U,96 min,"Animation, Adventure, Comedy",6.8,55        ,Robert Zemeckis,"123,050",$137.86M
93,Dinosaur,(2000),U,82 min,"Animation, Adventure, Drama",6.4,56        ,Eric Leighton,"64,560",$137.75M
94,Chicken Little,(2005),U,81 min,"Animation, Adventure, Comedy",5.7,48        ,Mark Dindal,"97,258",$135.39M
95,Alvin and the Chipmunks: Chipwrecked,(2011),U,87 min,"Animation, Adventure, Comedy",4.3,24        ,Mike Mitchell,"37,739",$133.11M
96,Rio 2,(2014),U,101 min,"Animation, Adventure, Comedy",6.3,49        ,Carlos Saldanha,"96,058",$131.54M
97,The Peanuts Movie,(2015),U,88 min,"Animation, Adventure, Comedy",7.0,67        ,Steve Martino,"48,164",$130.18M
98,Robots,(2005),U,91 min,"Animation, Adventure, Comedy",6.4,64        ,Chris Wedge,"155,576",$128.20M
99,Enchanted,(2007),U,107 min,"Animation, Adventure, Comedy",7.1,75        ,Kevin Lima,"211,584",$127.81M
100,Bee Movie,(2007),U,91 min,"Animation, Adventure, Comedy",6.1,54        ,Simon J. Smith,"171,777",$126.63M
101,Cloudy with a Chance of Meatballs,(2009),U,90 min,"Animation, Adventure, Comedy",6.9,66        ,Phil Lord,"246,504",$124.87M
102,Rango,(2011),U,107 min,"Animation, Action, Adventure",7.2,75        ,Gore Verbinski,"281,386",$123.48M
103,The Good Dinosaur,(2015),P13,93 min,"Animation, Adventure, Comedy",6.7,66        ,Peter Sohn,"122,054",$123.09M
104,Mulan,(1998),,87 min,"Animation, Adventure, Comedy",7.6,71        ,Tony Bancroft,"302,265",$120.62M
105,Cloudy with a Chance of Meatballs 2,(2013),PG,95 min,"Animation, Adventure, Comedy",6.3,59        ,Cody Cameron,"109,825",$119.79M
106,G-Force,(2009),U,88 min,"Animation, Action, Adventure",5.1,41        ,Hoyt Yeatman,"48,539",$119.44M
107,Lightyear,(2022),(Banned),105 min,"Animation, Action, Adventure",6.1,60        ,Angus MacLane,"116,230",$118.31M
108,Bolt,(2008),U,96 min,"Animation, Adventure, Comedy",6.8,67        ,Byron Howard,"220,776",$114.05M
109,The Little Mermaid,(1989),U,83 min,"Animation, Adventure, Family",7.6,88        ,Ron Clements,"279,943",$111.54M
110,Mr. Peabody & Sherman,(2014),U,92 min,"Animation, Adventure, Comedy",6.8,59        ,Rob Minkoff,"74,845",$111.51M
111,Hop,(2011),U,95 min,"Animation, Adventure, Comedy",5.4,41        ,Tim Hill,"35,991",$108.09M
112,Epic,(2013),P13,102 min,"Animation, Action, Adventure",6.6,52        ,Chris Wedge,"107,962",$107.52M
113,Angry Birds,(2016),P13,97 min,"Animation, Action, Adventure",6.3,43        ,Clay Kaytis,"98,979",$107.51M
114,Chicken Run,(2000),U,84 min,"Animation, Adventure, Comedy",7.1,88        ,Peter Lord,"200,660",$106.83M
115,The Lego Movie 2: The Second Part,(2019),U,107 min,"Animation, Action, Adventure",6.6,65        ,Mike Mitchell,"72,599",$105.81M
116,The Princess and the Frog,(2009),U,97 min,"Animation, Adventure, Comedy",7.1,73        ,Ron Clements,"156,669",$104.40M
117,Rise of the Guardians,(2012),U,97 min,"Animation, Action, Adventure",7.2,58        ,Peter Ramsey,"185,151",$103.41M
118,Bambi,(1942),U,69 min,"Animation, Adventure, Drama",7.3,91        ,James Algar,"149,028",$102.80M
119,The Prince of Egypt,(1998),(Banned),99 min,"Animation, Adventure, Drama",7.2,64        ,Brenda Chapman,"139,621",$101.22M
120,The Rugrats Movie,(1998),U,79 min,"Animation, Adventure, Comedy",5.9,62        ,Igor Kovalyov,"20,144",$100.49M
121,Yogi Bear,(2010),U,81 min,"Animation, Adventure, Comedy",4.6,35        ,Eric Brevig,"22,865",$100.25M
122,The Hunchback of Notre Dame,(1996),U,91 min,"Animation, Drama, Family",7.0,74        ,Gary Trousdale,"165,359",$100.14M
123,The Addams Family,(2019),P13,86 min,"Animation, Comedy, Family",5.8,46        ,Greg Tiernan,"43,012",$100.04M
124,Gnomeo & Juliet,(2011),U,84 min,"Animation, Adventure, Comedy",5.9,53        ,Kelly Asbury,"57,910",$99.97M
125,Hercules,(1997),,93 min,"Animation, Adventure, Comedy",7.3,74        ,Ron Clements,"243,686",$99.05M
126,Meet the Robinsons,(2007),U,95 min,"Animation, Adventure, Comedy",6.8,61        ,Stephen J. Anderson,"106,517",$97.82M
127,Sausage Party,(2016),(Banned),89 min,"Animation, Adventure, Comedy",6.1,66        ,Conrad Vernon,"202,398",$97.69M
128,The Bad Guys,(2022),P13,100 min,"Animation, Adventure, Comedy",6.8,64        ,Pierre Perifel,"50,341",$97.23M
129,Encanto,(2021),PG,102 min,"Animation, Comedy, Family",7.2,75        ,Jared Bush,"240,871",$96.09M
130,DC League of Super-Pets,(2022),PG,105 min,"Animation, Action, Adventure",7.1,56        ,Jared Stern,"70,855",$93.66M
131,Lady and the Tramp,(1955),G,76 min,"Animation, Adventure, Comedy",7.3,78        ,Clyde Geronimi,"142,578",$93.60M
132,Antz,(1998),U,83 min,"Animation, Adventure, Comedy",6.5,72        ,Eric Darnell,"160,242",$90.76M
133,Space Jam,(1996),U,88 min,"Animation, Adventure, Comedy",6.5,59        ,Joe Pytka,"205,861",$90.46M
134,Planes,(2013),PG,91 min,"Animation, Adventure, Comedy",5.7,39        ,Klay Hall,"47,186",$90.29M
135,The Emperor's New Groove,(2000),U,78 min,"Animation, Adventure, Comedy",7.4,70        ,Mark Dindal,"215,107",$89.30M
136,Peter Pan,(1953),U,77 min,"Animation, Adventure, Family",7.3,76        ,Clyde Geronimi,"147,507",$87.40M
137,The Emoji Movie,(2017),P13,86 min,"Animation, Adventure, Comedy",3.4,12        ,Tony Leondis,"68,195",$86.09M
138,Alvin and the Chipmunks: The Road Chip,(2015),U,92 min,"Animation, Adventure, Comedy",4.9,33        ,Walt Becker,"21,302",$85.89M
139,Gekijô-ban poketto monsutâ - Myûtsû no gyakushû,(1998),U,96 min,"Animation, Action, Adventure",6.2,35        ,Kunihiko Yuyama,"44,624",$85.74M
140,The SpongeBob SquarePants Movie,(2004),U,87 min,"Animation, Adventure, Comedy",7.1,66        ,Stephen Hillenburg,"97,319",$85.42M
141,Brother Bear,(2003),U,85 min,"Animation, Adventure, Comedy",6.8,48        ,Aaron Blaise,"117,820",$85.34M
142,Open Season,(2006),U,86 min,"Animation, Adventure, Comedy",6.1,49        ,Roger Allers,"101,929",$85.11M
143,Cinderella,(1950),G,74 min,"Animation, Family, Fantasy",7.3,85        ,Clyde Geronimi,"167,829",$85.00M
144,Ferdinand,(2017),U,108 min,"Animation, Adventure, Comedy",6.7,58        ,Carlos Saldanha,"60,820",$84.41M
145,Pinocchio,(1940),U,88 min,"Animation, Adventure, Comedy",7.5,99        ,Norman Ferguson,"153,959",$84.25M
146,Atlantis: The Lost Empire,(2001),U,95 min,"Animation, Action, Adventure",6.9,52        ,Gary Trousdale,"127,634",$84.05M
147,Penguins of Madagascar,(2014),PG,92 min,"Animation, Action, Adventure",6.6,53        ,Eric Darnell,"97,147",$83.35M
148,Smallfoot,(2018),P13,96 min,"Animation, Adventure, Comedy",6.6,60        ,Karey Kirkpatrick,"41,596",$83.24M
149,Turbo,(2013),PG,96 min,"Animation, Adventure, Comedy",6.4,58        ,David Soren,"104,968",$83.03M
150,Beowulf,(2007),U,115 min,"Animation, Action, Adventure",6.3,59        ,Robert Zemeckis,"171,252",$82.16M
151,Jimmy Neutron: Boy Genius,(2001),U,82 min,"Animation, Action, Adventure",6.1,65        ,John A. Davis,"36,698",$80.94M
152,The Adventures of Tintin,(2011),U,107 min,"Animation, Action, Adventure",7.3,68        ,Steven Spielberg,"237,757",$77.59M
153,Rugrats in Paris: The Movie - Rugrats II,(2000),U,78 min,"Animation, Adventure, Comedy",6.1,62        ,Stig Bergqvist,"13,203",$76.51M
154,Fantasia,(1940),,124 min,"Animation, Family, Fantasy",7.7,96        ,James Algar,"100,470",$76.41M
155,Garfield,(2004),U,80 min,"Animation, Adventure, Comedy",5.0,27        ,Peter Hewitt,"90,601",$75.37M
156,Coraline,(2009),U,100 min,"Animation, Drama, Family",7.7,80        ,Henry Selick,"246,432",$75.29M
157,The Nightmare Before Christmas,(1993),U,76 min,"Animation, Family, Fantasy",7.9,82        ,Henry Selick,"353,828",$75.08M
158,Oliver & Company,(1988),U,74 min,"Animation, Adventure, Comedy",6.6,58        ,George Scribner,"51,049",$74.15M
159,Captain Underpants: The First Epic Movie,(2017),U,89 min,"Animation, Action, Adventure",6.2,69        ,David Soren,"30,681",$73.92M
160,Monster House,(2006),U,91 min,"Animation, Comedy, Family",6.6,68        ,Gil Kenan,"129,913",$73.66M
161,Spirit: Stallion of the Cimarron,(2002),G,83 min,"Animation, Adventure, Drama",7.2,52        ,Kelly Asbury,"81,252",$73.28M
162,Barnyard,(2006),U,90 min,"Animation, Adventure, Comedy",5.6,42        ,Steve Oedekerk,"32,994",$72.78M
163,Storks,(2016),P13,87 min,"Animation, Adventure, Comedy",6.8,56        ,Nicholas Stoller,"65,222",$72.68M
164,The Rescuers,(1977),,77 min,"Animation, Adventure, Comedy",6.9,74        ,John Lounsbery,"67,273",$71.22M
165,The Smurfs 2,(2013),PG,105 min,"Animation, Adventure, Comedy",5.3,34        ,Raja Gosnell,"44,343",$71.02M
166,Space Jam: A New Legacy,(2021),PG,115 min,"Animation, Adventure, Comedy",4.5,36        ,Malcolm D. Lee,"76,619",$70.59M
167,Spies in Disguise,(2019),U,102 min,"Animation, Action, Adventure",6.8,54        ,Nick Bruno,"53,407",$66.76M
168,Stuart Little 2,(2002),U,77 min,"Animation, Adventure, Comedy",5.5,66        ,Rob Minkoff,"56,750",$64.96M
169,Flushed Away,(2006),U,85 min,"Animation, Action, Adventure",6.6,74        ,David Bowers,"133,249",$64.67M
170,The Nut Job,(I) (2014),PG,85 min,"Animation, Adventure, Comedy",5.7,37        ,Peter Lepeniotis,"29,514",$64.25M
171,Ice Age: Collision Course,(2016),U,94 min,"Animation, Adventure, Comedy",5.6,34        ,Michael Thurmeier,"71,136",$64.06M
172,Happy Feet Two,(2011),U,117 min,"Animation, Adventure, Comedy",5.8,50        ,George Miller,"46,505",$64.01M
173,Song of the South,(1946),G,94 min,"Animation, Comedy, Family",7.0,54        ,Harve Foster,"14,722",$63.72M
174,The Fox and the Hound,(1981),,83 min,"Animation, Adventure, Drama",7.2,65        ,Ted Berman,"97,991",$63.46M
175,Beavis and Butt-Head Do America,(1996),(Banned),81 min,"Animation, Adventure, Comedy",6.8,64        ,Mike Judge,"59,310",$63.12M
176,Onward,(I) (2020),P13,102 min,"Animation, Adventure, Comedy",7.4,61        ,Dan Scanlon,"159,953",$61.56M
177,Abominable,(2019),(Banned),97 min,"Animation, Adventure, Comedy",7.0,61        ,Jill Culton,"40,838",$60.72M
178,Fantasia 2000,(1999),U,75 min,"Animation, Family, Fantasy",7.1,59        ,James Algar,"40,161",$60.66M
179,The Lego Ninjago Movie,(2017),U,101 min,"Animation, Action, Adventure",6.0,55        ,Charlie Bean,"28,357",$59.28M
180,Planes: Fire & Rescue,(2014),P13,83 min,"Animation, Adventure, Comedy",5.9,48        ,Bobs Gannaway,"19,080",$59.17M
181,Surf's Up,(2007),U,85 min,"Animation, Adventure, Comedy",6.7,64        ,Ash Brannon,"85,992",$58.87M
182,Curious George,(2006),,87 min,"Animation, Adventure, Comedy",6.5,62        ,Matthew O'Callaghan,"17,489",$58.64M
183,The Croods: A New Age,(2020),PG,95 min,"Animation, Adventure, Comedy",6.9,56        ,Joel Crawford,"48,924",$58.57M
184,Anastasia,(1997),U,94 min,"Animation, Adventure, Drama",7.1,61        ,Don Bluth,"130,554",$58.41M
185,The Boss Baby: Family Business,(2021),PG,107 min,"Animation, Adventure, Comedy",5.9,39        ,Tom McGrath,"20,557",$57.30M
186,Escape from Planet Earth,(2012),PG,89 min,"Animation, Adventure, Comedy",5.8,35        ,Cal Brunker,"26,391",$57.01M
187,The Addams Family 2,(2021),PG,93 min,"Animation, Adventure, Comedy",5.4,37        ,Conrad Vernon,"14,468",$56.49M
188,The Curse of the Were-Rabbit,(2005),U,85 min,"Animation, Adventure, Comedy",7.5,87        ,Steve Box,"141,265",$56.11M
189,ParaNorman,(2012),P13,92 min,"Animation, Adventure, Comedy",7.0,72        ,Chris Butler,"106,526",$56.00M
190,Free Birds,(2013),PG,91 min,"Animation, Adventure, Comedy",5.8,38        ,Jimmy Hayward,"25,191",$55.75M
191,Legend of the Guardians: The Owls of Ga'Hoole,(2010),U,97 min,"Animation, Action, Adventure",6.9,53        ,Zack Snyder,"85,563",$55.68M
192,Raya and the Last Dragon,(2021),PG,107 min,"Animation, Action, Adventure",7.3,74        ,Don Hall,"161,749",$54.72M
193,TMNT,(2007),U,87 min,"Animation, Action, Adventure",6.2,41        ,Kevin Munroe,"66,653",$54.15M
194,Corpse Bride,(2005),U,77 min,"Animation, Drama, Family",7.3,83        ,Tim Burton,"286,062",$53.36M
195,"South Park: Bigger, Longer & Uncut",(1999),(Banned),81 min,"Animation, Comedy, Fantasy",7.7,73        ,Trey Parker,"210,603",$52.04M
196,Sleeping Beauty,(1959),G,75 min,"Animation, Adventure, Family",7.2,85        ,Les Clark,"155,344",$51.60M
197,Hoodwinked!,(2005),PG,80 min,"Animation, Adventure, Comedy",6.5,45        ,Cory Edwards,"64,244",$51.39M
198,The Tale of Despereaux,(2008),,93 min,"Animation, Adventure, Comedy",6.1,53        ,Sam Fell,"39,221",$50.88M
199,The Road to El Dorado,(2000),U,89 min,"Animation, Adventure, Comedy",6.9,51        ,Bibo Bergeron,"102,514",$50.86M
200,The Boxtrolls,(2014),PG,96 min,"Animation, Adventure, Comedy",6.8,61        ,Graham Annable,"60,005",$50.84M
201,The Book of Life,(2014),PG,95 min,"Animation, Adventure, Comedy",7.2,67        ,Jorge R. Gutiérrez,"74,720",$50.15M
202,Home on the Range,(2004),PG,76 min,"Animation, Adventure, Comedy",5.4,50        ,Will Finn,"24,718",$50.03M
203,Clifford the Big Red Dog,(2021),P13,96 min,"Animation, Adventure, Comedy",5.9,55        ,Walt Becker,"15,316",$48.95M
204,Return to Never Land,(2002),U,72 min,"Animation, Adventure, Family",5.8,49        ,Robin Budd,"21,412",$48.43M
205,The Land Before Time,(1988),U,69 min,"Animation, Adventure, Drama",7.4,66        ,Don Bluth,"94,577",$48.09M
206,Kubo and the Two Strings,(2016),P13,101 min,"Animation, Action, Adventure",7.7,84        ,Travis Knight,"134,687",$48.02M
207,The Jungle Book 2,(2003),U,72 min,"Animation, Adventure, Comedy",5.3,38        ,Steve Trenbirth,"17,287",$47.89M
208,Kimetsu no Yaiba: Mugen Ressha-Hen,(2020),P13,117 min,"Animation, Action, Adventure",8.2,72        ,Haruo Sotozaki,"66,278",$47.70M
209,An American Tail,(1986),U,80 min,"Animation, Adventure, Comedy",6.9,38        ,Don Bluth,"56,130",$47.48M
210,"Lyle, Lyle, Crocodile",(2022),PG,106 min,"Animation, Adventure, Comedy",6.1,51        ,Josh Gordon,"12,450",$46.89M
211,Tom and Jerry,(II) (2021),PG,101 min,"Animation, Adventure, Comedy",5.2,32        ,Tim Story,"37,707",$46.54M
212,Arthur Christmas,(2011),U,97 min,"Animation, Adventure, Comedy",7.1,69        ,Sarah Smith,"63,499",$46.46M
213,The Tigger Movie,(2000),,77 min,"Animation, Adventure, Comedy",6.3,53        ,Jun Falkenstein,"19,754",$45.55M
214,Wonder Park,(2019),P13,85 min,"Animation, Adventure, Comedy",5.8,45        ,Dylan Brown,"12,390",$45.22M
215,Smurfs: The Lost Village,(2017),PG,90 min,"Animation, Adventure, Comedy",6.0,40        ,Kelly Asbury,"23,039",$45.02M
216,Gekijô-ban poketto monsutâ: Maboroshi no pokemon: Rugia bakutan,(1999),,84 min,"Animation, Action, Adventure",6.0,28        ,Kunihiko Yuyama,"23,117",$43.76M
217,Cats & Dogs: The Revenge of Kitty Galore,(2010),U,82 min,"Animation, Action, Adventure",4.3,30        ,Brad Peyton,"15,817",$43.59M
218,Sherlock Gnomes,(2018),U,86 min,"Animation, Adventure, Comedy",5.2,36        ,John Stevenson,"13,353",$43.24M
219,Planet 51,(2009),U,91 min,"Animation, Adventure, Comedy",6.0,39        ,Jorge Blanco,"57,201",$42.09M
220,The Angry Birds Movie 2,(2019),P13,97 min,"Animation, Action, Adventure",6.4,60        ,Thurop Van Orman,"32,756",$41.66M
221,The Star,(2017),PG,86 min,"Animation, Adventure, Comedy",6.2,42        ,Timothy Reckart,"8,763",$40.85M
222,PAW Patrol: The Movie,(2021),P13,86 min,"Animation, Action, Adventure",6.1,50        ,Cal Brunker,"7,249",$40.13M
223,The Wild Thornberrys Movie,(2002),PG,85 min,"Animation, Adventure, Comedy",5.6,69        ,Cathy Malkasian,"15,033",$40.11M
224,Pete's Dragon,(1977),,128 min,"Animation, Adventure, Comedy",6.3,46        ,Don Chaffey,"25,758",$40.10M
225,Rugrats Go Wild,(2003),U,81 min,"Animation, Adventure, Comedy",5.5,38        ,John Eng,"8,716",$39.40M
226,The Great Mouse Detective,(1986),U,74 min,"Animation, Adventure, Family",7.1,73        ,Ron Clements,"52,262",$38.60M
227,Treasure Planet,(2002),PG,95 min,"Animation, Adventure, Family",7.2,60        ,Ron Clements,"126,406",$38.18M
228,The AristoCats,(1970),U,78 min,"Animation, Adventure, Comedy",7.1,66        ,Wolfgang Reitherman,"109,949",$37.68M
229,The Wild,(2006),U,95 min,"Animation, Adventure, Comedy",5.2,47        ,Steve 'Spaz' Williams,"26,932",$37.38M
230,Recess: School's Out,(2001),G,82 min,"Animation, Adventure, Comedy",6.5,43        ,Chuck Sheetz,"11,256",$36.70M
231,Walking with Dinosaurs 3D,(2013),PG,87 min,"Animation, Adventure, Comedy",5.2,37        ,Barry Cook,"11,693",$36.08M
232,A Goofy Movie,(1995),,78 min,"Animation, Adventure, Comedy",6.9,53        ,Kevin Lima,"59,368",$35.35M
233,Frankenweenie,(2012),U,87 min,"Animation, Comedy, Drama",6.9,74        ,Tim Burton,"112,572",$35.29M
234,Star Wars: The Clone Wars,(2008),U,98 min,"Animation, Action, Adventure",5.9,35        ,Dave Filoni,"69,747",$35.16M
235,Gekijouban Jujutsu Kaisen 0,(2021),PG-13,105 min,"Animation, Action, Fantasy",7.8,71        ,Seong-Hu Park,"25,663",$34.54M
236,Final Fantasy: The Spirits Within,(2001),U,106 min,"Animation, Action, Adventure",6.4,49        ,Hironobu Sakaguchi,"83,231",$32.13M
237,Robin Hood,(1973),,83 min,"Animation, Adventure, Comedy",7.5,57        ,Wolfgang Reitherman,"133,549",$32.06M
238,Isle of Dogs,(2018),P13,101 min,"Animation, Adventure, Comedy",7.8,82        ,Wes Anderson,"180,742",$32.02M
239,9,(I) (2009),U,79 min,"Animation, Action, Adventure",7.0,60        ,Shane Acker,"143,877",$31.74M
240,The Pirates! In an Adventure with Scientists!,(2012),U,88 min,"Animation, Adventure, Comedy",6.7,73        ,Peter Lord,"50,153",$31.05M
241,Doragon bôru chô: Burorî,(2018),P13,100 min,"Animation, Action, Adventure",7.7,59        ,Tatsuya Nagamine,"29,828",$30.71M
242,Space Chimps,(2008),U,81 min,"Animation, Adventure, Comedy",4.5,36        ,Kirk DeMicco,"12,172",$30.11M
243,Teen Titans Go! To the Movies,(2018),U,84 min,"Animation, Action, Adventure",6.7,69        ,Aaron Horvath,"20,767",$29.79M
244,James and the Giant Peach,(1996),PG,79 min,"Animation, Adventure, Family",6.7,78        ,Henry Selick,"71,355",$28.93M
245,Garfield: A Tale of Two Kitties,(2006),U,82 min,"Animation, Adventure, Comedy",5.0,37        ,Tim Hill,"45,345",$28.43M
246,The Nut Job 2: Nutty by Nature,(2017),U,91 min,"Animation, Adventure, Comedy",5.5,36        ,Cal Brunker,"7,018",$28.37M
247,The Ant Bully,(2006),U,88 min,"Animation, Adventure, Comedy",5.8,59        ,John A. Davis,"40,824",$28.14M
248,The Rescuers Down Under,(1990),,77 min,"Animation, Adventure, Comedy",6.8,70        ,Hendel Butoy,"45,366",$27.93M
249,All Dogs Go to Heaven,(1989),U,84 min,"Animation, Adventure, Comedy",6.7,50        ,Don Bluth,"44,243",$27.10M
250,Winnie the Pooh,(2011),U,63 min,"Animation, Adventure, Comedy",7.1,74        ,Stephen J. Anderson,"26,986",$26.69M
251,Sinbad: Legend of the Seven Seas,(2003),PG,88 min,"Animation, Adventure, Comedy",6.7,48        ,Patrick Gilmore,"57,346",$26.48M
252,The Adventures of Rocky & Bullwinkle,(2000),PG,92 min,"Animation, Adventure, Comedy",4.3,36        ,Des McAnuff,"20,828",$26.00M
253,Jonah: A VeggieTales Movie,(2002),,82 min,"Animation, Adventure, Comedy",6.4,58        ,Phil Vischer,"4,410",$25.58M
254,Alpha and Omega,(2010),U,90 min,"Animation, Adventure, Comedy",5.1,36        ,Anthony Bell,"14,883",$25.08M
255,Fritz the Cat,(1972),(Banned),78 min,"Animation, Comedy, Drama",6.2,54        ,Ralph Bakshi,"13,760",$25.00M
256,Ballerina,(2016),PG,89 min,"Animation, Adventure, Comedy",6.7,48        ,Eric Summer,"23,514",$24.70M
257,FernGully: The Last Rainforest,(1992),U,76 min,"Animation, Adventure, Family",6.5,67        ,Bill Kroyer,"32,430",$24.65M
258,Eight Crazy Nights,(2002),U,76 min,"Animation, Comedy, Musical",5.3,23        ,Seth Kearsley,"24,166",$23.44M
259,The Iron Giant,(1999),U,86 min,"Animation, Action, Adventure",8.1,85        ,Brad Bird,"212,665",$23.16M
260,Piglet's Big Movie,(2003),,75 min,"Animation, Adventure, Comedy",6.1,62        ,Francis Glebas,"8,349",$23.10M
261,The Care Bears Movie,(1985),U,77 min,"Animation, Adventure, Comedy",5.6,46        ,Arna Selznick,"5,697",$22.93M
262,Titan A.E.,(2000),PG,94 min,"Animation, Action, Adventure",6.6,48        ,Don Bluth,"62,771",$22.75M
263,Quest for Camelot,(1998),,86 min,"Animation, Adventure, Comedy",6.2,50        ,Frederik Du Chau,"17,426",$22.72M
264,The Sword in the Stone,(1963),,79 min,"Animation, Adventure, Comedy",7.1,61        ,Wolfgang Reitherman,"102,718",$22.18M
265,An American Tail: Fievel Goes West,(1991),,75 min,"Animation, Adventure, Family",6.5,,Phil Nibbelink,"27,436",$22.17M
266,My Little Pony: The Movie,(2017),U,99 min,"Animation, Adventure, Comedy",6.1,39        ,Jayson Thiessen,"7,533",$21.89M
267,Mars Needs Moms,(2011),U,88 min,"Animation, Action, Adventure",5.4,49        ,Simon Wells,"23,357",$21.38M
268,The Black Cauldron,(1985),U,80 min,"Animation, Action, Adventure",6.3,59        ,Ted Berman,"38,722",$21.29M
269,Fantastic Mr. Fox,(2009),U,87 min,"Animation, Adventure, Comedy",7.9,83        ,Wes Anderson,"251,771",$21.00M
270,Looney Tunes: Back in Action,(2003),U,93 min,"Animation, Adventure, Comedy",5.8,64        ,Joe Dante,"39,273",$20.99M
271,UglyDolls,(2019),U,87 min,"Animation, Adventure, Comedy",5.1,39        ,Kelly Asbury,"7,472",$20.15M
272,Middle School: The Worst Years of My Life,(2016),PG,92 min,"Animation, Comedy, Family",6.1,51        ,Steve Carr,"9,612",$19.99M
273,Yu-Gi-Oh! The Movie,(2004),PG,100 min,"Animation, Action, Adventure",4.9,15        ,Hatsuki Tsuji,"8,865",$19.76M
274,Astro Boy,(2009),P13,94 min,"Animation, Action, Adventure",6.2,53        ,David Bowers,"38,525",$19.55M
275,Igor,(2008),U,87 min,"Animation, Comedy, Family",5.9,40        ,Tony Leondis,"23,946",$19.53M
276,Valiant,(2005),U,76 min,"Animation, Adventure, Comedy",5.5,45        ,Gary Chapman,"23,792",$19.48M
277,Doug's 1st Movie,(1999),,77 min,"Animation, Adventure, Comedy",4.9,,Maurice Joyce,"3,437",$19.42M
278,Shaun the Sheep Movie,(2015),PG,85 min,"Animation, Adventure, Comedy",7.3,81        ,Mark Burton,"42,188",$19.38M
279,Karigurashi no Arietti,(2010),U,94 min,"Animation, Adventure, Drama",7.6,80        ,Hiromasa Yonebayashi,"98,011",$19.20M
280,Bedknobs and Broomsticks,(1971),,117 min,"Animation, Adventure, Comedy",7.0,59        ,Robert Stevenson,"39,527",$18.53M
281,DuckTales the Movie: Treasure of the Lost Lamp,(1990),,74 min,"Animation, Adventure, Comedy",6.8,,Bob Hathcock,"27,967",$18.12M
282,Pooh's Heffalump Movie,(2005),G,68 min,"Animation, Adventure, Comedy",6.4,64        ,Frank Nissen,"8,055",$18.10M
283,Gekijô-ban poketto monsutâ: Kesshô-tô no teiô,(2000),G,93 min,"Animation, Action, Adventure",5.8,,Kunihiko Yuyama,"14,726",$17.05M
284,Norm of the North,(2016),U,88 min,"Animation, Adventure, Comedy",3.4,21        ,Trevor Wall,"9,748",$17.02M
285,Missing Link,(2019),P13,93 min,"Animation, Adventure, Comedy",6.7,68        ,Chris Butler,"27,779",$16.65M
286,Happily N'Ever After,(2006),PG,75 min,"Animation, Adventure, Comedy",4.5,28        ,Paul Bolger,"10,931",$15.59M
287,Arthur et les Minimoys,(2006),U,94 min,"Animation, Adventure, Comedy",6.0,39        ,Luc Besson,"39,433",$15.13M
288,Gake no ue no Ponyo,(2008),U,101 min,"Animation, Adventure, Comedy",7.6,86        ,Hayao Miyazaki,"152,737",$15.09M
289,The Adventures of Pinocchio,(1984),,98 min,"Animation, Family",5.2,,Ippei Kuri,99,$14.76M
290,Fly Me to the Moon,(2007),G,84 min,"Animation, Adventure, Family",4.5,36        ,Ben Stassen,"4,688",$14.53M
291,Everyone's Hero,(2006),,87 min,"Animation, Adventure, Comedy",5.7,51        ,Colin Brady,"9,327",$14.52M
292,The Wonderful World of the Brothers Grimm,(1962),,135 min,"Animation, Adventure, Biography",6.4,,Henry Levin,"2,043",$14.17M
293,Cool World,(1992),PG-13,102 min,"Animation, Comedy, Fantasy",4.8,28        ,Ralph Bakshi,"24,153",$14.11M
294,Hey Arnold! The Movie,(2002),U,76 min,"Animation, Adventure, Comedy",5.9,47        ,Tuck Tucker,"7,587",$13.68M
295,The Pagemaster,(1994),,80 min,"Animation, Adventure, Comedy",6.1,,Pixote Hunt,"24,656",$13.67M
296,Osmosis Jones,(2001),PG,95 min,"Animation, Action, Adventure",6.3,57        ,Bobby Farrelly,"37,606",$13.60M
297,A Boy Named Charlie Brown,(1969),,86 min,"Animation, Comedy, Drama",7.3,,Bill Melendez,"5,351",$13.08M
298,One Piece Film Red,(2022),PG-13,115 min,"Animation, Action, Adventure",6.6,69        ,Gorô Taniguchi,"11,997",$12.78M
299,The Pirates Who Don't Do Anything: A VeggieTales Movie,(2008),G,85 min,"Animation, Adventure, Comedy",5.6,49        ,Mike Nawrocki,"3,003",$12.70M
300,Strange Magic,(2015),PG,99 min,"Animation, Adventure, Comedy",5.7,25        ,Gary Rydstrom,"11,806",$12.43M
301,The King and I,(1999),,88 min,"Animation, Family, Fantasy",4.3,29        ,Richard Rich,"4,205",$11.96M
302,Rock-A-Doodle,(1991),,74 min,"Animation, Adventure, Comedy",6.0,,Don Bluth,"10,140",$11.66M
303,The Powerpuff Girls Movie,(2002),U,73 min,"Animation, Action, Adventure",6.5,65        ,Craig McCracken,"10,633",$11.41M
304,Thumbelina,(1994),,86 min,"Animation, Adventure, Family",6.2,,Don Bluth,"17,991",$11.37M
305,Balto,(1995),U,78 min,"Animation, Adventure, Drama",7.1,,Simon Wells,"46,209",$11.35M
306,La flûte à six schtroumpfs,(1976),,90 min,"Animation, Comedy, Family",5.9,,Peyo,"1,398",$11.23M
307,Jetsons: The Movie,(1990),,82 min,"Animation, Comedy, Family",5.5,46        ,Joseph Barbera,"5,519",$10.90M
308,Welcome to Marwen,(2018),PG-13,116 min,"Animation, Biography, Comedy",6.2,40        ,Robert Zemeckis,"25,093",$10.76M
309,Hoodwinked Too! Hood vs. Evil,(2011),PG,87 min,"Animation, Adventure, Comedy",4.7,20        ,Mike Disa,"13,604",$10.14M
310,The Secret of NIMH,(1982),U,82 min,"Animation, Adventure, Drama",7.5,76        ,Don Bluth,"43,284",$10.14M
311,Sen to Chihiro no kamikakushi,(2001),U,125 min,"Animation, Adventure, Family",8.6,96        ,Hayao Miyazaki,"799,543",$10.06M
312,Once Upon a Forest,(1993),U,71 min,"Animation, Adventure, Drama",6.4,,Charles Grosvenor,"5,865",$10.00M
313,The Swan Princess,(1994),,93 min,"Animation, Adventure, Comedy",6.4,70        ,Richard Rich,"26,210",$9.77M
314,Digimon: The Movie,(2000),U,82 min,"Animation, Action, Adventure",6.0,20        ,Bob Buchholz,"7,705",$9.63M
315,Rock Dog,(2016),PG,90 min,"Animation, Adventure, Comedy",5.9,48        ,Ash Brannon,"5,770",$9.42M
316,We're Back! A Dinosaur's Story,(1993),,72 min,"Animation, Adventure, Comedy",6.0,,Phil Nibbelink,"15,646",$9.32M
317,Un gallo con muchos huevos,(2015),PG-13,98 min,"Animation, Adventure, Comedy",5.7,,Gabriel Riva Palacio Alatriste,"1,146",$9.07M
318,Wizards,(1977),,82 min,"Animation, Adventure, Fantasy",6.3,,Ralph Bakshi,"12,475",$9.00M
319,All Dogs Go to Heaven 2,(1996),U,82 min,"Animation, Adventure, Family",5.5,,Larry Leker,"6,412",$8.62M
320,Ratchet & Clank,(2016),U,94 min,"Animation, Action, Adventure",5.5,29        ,Kevin Munroe,"11,476",$8.55M
321,Care Bears Movie II: A New Generation,(1986),,76 min,"Animation, Adventure, Comedy",5.4,39        ,Dale Schott,"2,429",$8.54M
322,Legends of Oz: Dorothy's Return,(2013),PG,88 min,"Animation, Adventure, Family",5.0,25        ,Will Finn,"6,156",$8.46M
323,Bebe's Kids,(1992),PG-13,70 min,"Animation, Comedy, Fantasy",5.8,,Bruce W. Smith,"5,378",$8.44M
324,Early Man,(2018),PG,89 min,"Animation, Adventure, Comedy",6.1,68        ,Nick Park,"23,052",$8.27M
325,Dragon Ball Z: Doragon bôru Z - Fukkatsu no 'F',(2015),,93 min,"Animation, Action, Adventure",7.2,,Tadayoshi Yamamuro,"23,226",$8.01M
326,Robinson Crusoe,(2016),PG,91 min,"Animation, Adventure, Comedy",5.3,36        ,Vincent Kesteloot,"6,482",$7.97M
327,Tenki no ko,(2019),P13,112 min,"Animation, Drama, Fantasy",7.5,72        ,Makoto Shinkai,"49,341",$7.80M
328,The Secret of the Sword,(1985),,100 min,"Animation, Action, Adventure",7.2,31        ,Ed Friedman,"3,140",$7.66M
329,The Magic Roundabout,(2005),,85 min,"Animation, Adventure, Comedy",5.2,,Dave Borthwick,"3,576",$7.42M
330,Doogal,(2006),,85 min,"Animation, Adventure, Comedy",2.8,23        ,Dave Borthwick,"5,296",$7.38M
331,Gulliver's Travels,(1939),,76 min,"Animation, Adventure, Comedy",6.6,,Dave Fleischer,"4,642",$7.13M
332,Les triplettes de Belleville,(2003),U,80 min,"Animation, Adventure, Comedy",7.7,91        ,Sylvain Chomet,"55,962",$7.00M
333,The Chipmunk Adventure,(1987),,78 min,"Animation, Adventure, Comedy",7.1,,Janice Karman,"5,759",$6.80M
334,Loving Vincent,(2017),PG-13,94 min,"Animation, Drama, Mystery",7.8,62        ,DK Welchman,"60,868",$6.74M
335,Here Come the Littles,(1985),,72 min,"Animation, Adventure, Family",6.8,,Bernard Deyriès,256,$6.57M
336,Teacher's Pet,(2004),PG,73 min,"Animation, Adventure, Comedy",5.7,74        ,Timothy Björklund,"1,887",$6.49M
337,The Last Unicorn,(1982),U,92 min,"Animation, Adventure, Drama",7.3,70        ,Jules Bass,"28,321",$6.46M
338,American Pop,(1981),,96 min,"Animation, Drama, History",7.1,57        ,Ralph Bakshi,"5,279",$6.00M
339,Urfin Dzhyus i ego derevyannye soldaty,(2017),,91 min,"Animation, Adventure, Family",4.7,,Fyodor Dmitriev,340,$5.97M
340,My Little Pony: The Movie,(1986),,86 min,"Animation, Adventure, Family",5.9,23        ,Mike Joens,"2,802",$5.96M
341,The Transformers: The Movie,(1986),U,84 min,"Animation, Action, Adventure",7.2,43        ,Nelson Shin,"41,051",$5.85M
342,Marcel the Shell with Shoes On,(2021),PG,90 min,"Animation, Comedy, Drama",7.7,80        ,Dean Fleischer Camp,"20,248",$5.79M
343,Boku no hîrô akademia THE MOVIE ~ 2-ri no eiyû ~,(2018),PG-13,96 min,"Animation, Action, Adventure",7.3,,Kenji Nagasaki,"11,657",$5.75M
344,Orlando,(2011),,80 min,Animation,4.4,,Fulvio Ottaviano,16,$5.74M
345,Batman: Mask of the Phantasm,(1993),PG,76 min,"Animation, Action, Adventure",7.8,65        ,Kevin Altieri,"54,039",$5.62M
346,Aqua Teen Hunger Force Colon Movie Film for Theaters,(2007),(Banned),86 min,"Animation, Action, Adventure",6.7,54        ,Matt Maiellaro,"14,326",$5.52M
347,A Scanner Darkly,(2006),18PL,100 min,"Animation, Comedy, Crime",7.0,73        ,Richard Linklater,"114,927",$5.50M
348,Monkeybone,(2001),U,93 min,"Animation, Comedy, Fantasy",4.8,40        ,Henry Selick,"18,723",$5.41M
349,Charlotte's Web,(1973),,94 min,"Animation, Adventure, Drama",6.9,73        ,Charles Nichols,"21,985",$5.23M
350,Kaze tachinu,(2013),P13,126 min,"Animation, Biography, Drama",7.7,83        ,Hayao Miyazaki,"91,491",$5.21M
351,Heidi's Song,(1982),,94 min,"Animation, Adventure, Drama",6.2,,Robert Taylor,320,$5.12M
352,Kimi no na wa.,(2016),P13,106 min,"Animation, Drama, Fantasy",8.4,81        ,Makoto Shinkai,"292,729",$5.02M
353,Rainbow Brite and the Star Stealer,(1985),,85 min,"Animation, Adventure, Family",6.7,,Bernard Deyriès,"1,331",$4.89M
354,"Hey There, It's Yogi Bear",(1964),G,89 min,"Animation, Adventure, Comedy",6.5,,Joseph Barbera,"1,089",$4.84M
355,Hauru no ugoku shiro,(2004),U,119 min,"Animation, Adventure, Family",8.2,82        ,Hayao Miyazaki,"417,772",$4.71M
356,Persepolis,(2007),PG-13,96 min,"Animation, Biography, Drama",8.0,90        ,Vincent Paronnaud,"97,570",$4.45M
357,The Pebble and the Penguin,(1995),U,74 min,"Animation, Adventure, Comedy",5.5,,Don Bluth,"5,339",$3.98M
358,Batman: The Killing Joke,(2016),R,76 min,"Animation, Action, Crime",6.4,,Sam Liu,"59,711",$3.78M
359,Anomalisa,(2015),R,90 min,"Animation, Comedy, Drama",7.3,88        ,Duke Johnson,"73,877",$3.76M
360,Ne Zha zhi mo tong jiang shi,(2019),P13,110 min,"Animation, Action, Adventure",7.4,54        ,Yu Yang,"8,129",$3.70M
361,Cats Don't Dance,(1997),,75 min,"Animation, Comedy, Family",6.9,62        ,Mark Dindal,"8,103",$3.56M
362,Tom and Jerry: The Movie,(1992),U,84 min,"Animation, Adventure, Comedy",5.4,,Phil Roman,"11,641",$3.56M
363,Starchaser: The Legend of Orin,(1985),,100 min,"Animation, Action, Adventure",6.4,,Steven Hahn,"2,378",$3.36M
364,Happily Ever After,(1989),,75 min,"Animation, Family, Fantasy",5.5,,John Howley,"2,520",$3.30M
365,Pinocchio and the Emperor of the Night,(1987),,87 min,"Animation, Adventure, Family",6.3,,Hal Sutherland,711,$3.26M
366,"Race for Your Life, Charlie Brown",(1977),,76 min,"Animation, Adventure, Comedy",7.2,55        ,Bill Melendez,"3,792",$3.22M
367,Sgt. Stubby: An American Hero,(2018),PG,84 min,"Animation, Adventure, Family",6.9,58        ,Richard Lanni,"2,445",$3.14M
368,Clifford's Really Big Movie,(2004),G,74 min,"Animation, Adventure, Comedy",5.4,49        ,Robert C. Ramirez,"1,027",$2.92M
369,Waking Life,(2001),R,99 min,"Animation, Drama, Fantasy",7.7,84        ,Richard Linklater,"65,778",$2.89M
370,The Care Bears Adventure in Wonderland,(1987),,80 min,"Animation, Adventure, Comedy",5.7,39        ,Raymond Jafelice,"1,251",$2.61M
371,Dragon Ball Z: Doragon bôru Z - Kami to Kami,(2013),,85 min,"Animation, Action, Adventure",7.1,,Masahiro Hosoda,"29,060",$2.55M
372,Meari to majo no hana,(2017),PG,103 min,"Animation, Adventure, Family",6.8,74        ,Hiromasa Yonebayashi,"15,308",$2.42M
373,Pokémon the Movie: I Choose You,(2017),U,98 min,"Animation, Action, Adventure",6.3,,Kunihiko Yuyama,"7,204",$2.40M
374,Mononoke-hime,(1997),U,134 min,"Animation, Action, Adventure",8.3,76        ,Hayao Miyazaki,"410,956",$2.38M
375,Vals Im Bashir,(2008),(Banned),90 min,"Documentary, Animation, Biography",8.0,91        ,Ari Folman,"59,230",$2.28M
376,L'illusionniste,(2010),PG,80 min,"Animation, Drama, Fantasy",7.5,82        ,Sylvain Chomet,"35,959",$2.23M
377,Heathcliff: The Movie,(1986),,73 min,"Family, Animation, Comedy",5.1,,Bruno Bianchi,289,$2.19M
378,Scoob!,(2020),U,93 min,"Animation, Adventure, Comedy",5.6,43        ,Tony Cervone,"28,687",$2.19M
379,The Princess and the Goblin,(1991),,82 min,"Animation, Adventure, Comedy",6.7,,József Gémes,"2,995",$2.14M
380,"Bon Voyage, Charlie Brown (and Don't Come Back!!)",(1980),,75 min,"Animation, Adventure, Comedy",7.1,68        ,Bill Melendez,"3,401",$2.01M
381,Racetime,(2018),PG,89 min,"Animation, Adventure, Musical",5.5,,Benoît Godbout,560,$1.87M
382,The Nutcracker Prince,(1990),,75 min,"Animation, Adventure, Family",6.8,,Paul Schibli,"2,550",$1.78M
383,Poketto monsutâ: Serebî - Toki wo koeta deai,(2001),G,75 min,"Animation, Action, Adventure",5.7,,Kunihiko Yuyama,"9,024",$1.73M
384,Astérix: Le domaine des dieux,(2014),,85 min,"Animation, Adventure, Comedy",6.9,,Louis Clichy,"14,803",$1.66M
385,Terra,(I) (2007),PG,90 min,"Animation, Action, Adventure",6.5,54        ,Aristomenis Tsirbas,"12,055",$1.65M
386,Dumbo,(1941),G,64 min,"Animation, Adventure, Drama",7.2,96        ,Samuel Armstrong,"137,452",$1.60M
387,Vincent,(1987),,105 min,"Animation, Biography, Drama",7.5,,Paul Cox,437,$1.58M
388,Kaguya-hime no monogatari,(2013),P13,137 min,"Animation, Drama, Family",8.0,89        ,Isao Takahata,"50,319",$1.51M
389,Genesis: Paradise Lost,(2017),PG,130 min,"Documentary, Animation",4.9,,Ralph Strean,754,$1.44M
390,Little Nemo,(1989),,85 min,"Animation, Adventure, Comedy",7.1,,Masami Hata,"7,941",$1.37M
391,The Oscar Nominated Short Films: Animation,(2011),,85 min,Animation,6.9,,Geefwee Boedoe,42,$1.35M
392,Heavy Traffic,(1973),,77 min,"Animation, Comedy, Drama",6.5,,Ralph Bakshi,"3,530",$1.34M
393,Le Petit Prince,(2015),PG,108 min,"Animation, Adventure, Drama",7.7,70        ,Mark Osborne,"64,624",$1.34M
394,GoBots: Battle of the Rock Lords,(1986),,75 min,"Animation, Action, Adventure",5.4,30        ,Don Lusk,532,$1.34M
395,Babar: The Movie,(1989),,70 min,"Animation, Adventure, Family",6.3,,Alan Bunce,"1,065",$1.31M
396,One Piece: Stampede,(2019),,101 min,"Animation, Action, Adventure",7.5,,Takashi Ôtsuka,"7,043",$1.30M
397,Astérix: Le secret de la potion magique,(2018),,87 min,"Animation, Adventure, Comedy",6.7,,Alexandre Astier,"10,694",$1.27M
398,Freddie as F.R.O.7.,(1992),,91 min,"Animation, Adventure, Comedy",5.1,,Jon Acevski,781,$1.12M
399,Tonari no Totoro,(1988),U,86 min,"Animation, Comedy, Family",8.1,86        ,Hayao Miyazaki,"356,948",$1.11M
400,The Nine Lives of Fritz the Cat,(1974),,77 min,"Animation, Comedy",5.3,,Robert Taylor,"2,914",$1.09M
401,Alice in Wonderland,(1951),U,75 min,"Animation, Adventure, Comedy",7.3,68        ,Clyde Geronimi,"148,335",$1.07M
402,The Adventures of the American Rabbit,(1986),,85 min,"Animation, Family, Fantasy",5.3,,Nobutaka Nishizawa,491,$1.05M
403,Inosensu: Innocence,(2004),PG-13,100 min,"Animation, Drama, Mystery",7.4,66        ,Mamoru Oshii,"39,483",$1.04M
404,Yu-Gi-Oh!: The Dark Side of Dimensions,(2016),P13,130 min,"Animation, Adventure, Drama",6.9,,Satoshi Kuwabara,"3,320",$1.02M
405,Kokuriko-zaka kara,(2011),U,91 min,"Animation, Comedy, Drama",7.4,71        ,Gorô Miyazaki,"47,994",$1.00M
406,Cowboy Bebop: Tengoku no tobira,(2001),18SG,115 min,"Animation, Action, Crime",7.8,61        ,Shin'ichirô Watanabe,"50,988",$1.00M
407,Yellow Submarine,(1968),,88 min,"Animation, Adventure, Comedy",7.4,79        ,George Dunning,"27,292",$0.99M
408,The Ten Commandments,(2007),PG,88 min,"Animation, Family, History",2.9,25        ,Bill Boyce,"2,486",$0.95M
409,The Lord of the Rings,(1978),U,132 min,"Animation, Adventure, Fantasy",6.2,,Ralph Bakshi,"34,771",$0.92M
410,La tortue rouge,(2016),U,80 min,"Animation, Drama, Family",7.5,86        ,Michael Dudok de Wit,"36,967",$0.92M
411,Paprika,(2006),R,90 min,"Animation, Drama, Fantasy",7.7,81        ,Satoshi Kon,"88,792",$0.88M
412,The Reluctant Dragon,(I) (1941),,74 min,"Animation, Comedy, Family",6.8,,Alfred L. Werker,"3,604",$0.87M
413,Song of the Sea,(2014),PG,93 min,"Animation, Adventure, Drama",8.0,85        ,Tomm Moore,"61,075",$0.86M
414,The Adventures of Mark Twain,(1985),U,86 min,"Animation, Adventure, Family",7.2,,Will Vinton,"3,239",$0.85M
415,Shin Evangelion Gekijôban,(2021),,154 min,"Animation, Action, Drama",8.0,84        ,Mahiro Maeda,"12,461",$0.83M
416,Mirai no Mirai,(2018),U,98 min,"Animation, Adventure, Drama",7.0,81        ,Mamoru Hosoda,"17,171",$0.81M
417,Victory Through Air Power,(1943),,70 min,"Documentary, Animation, History",6.5,,James Algar,"1,116",$0.80M
418,Gekijouban Poketto monsutâ: Minna no Monogatari,(2018),,100 min,"Animation, Action, Adventure",6.2,,Tetsuo Yajima,"2,818",$0.79M
419,Pippi Longstocking,(1997),,76 min,"Animation, Adventure, Comedy",5.2,,Michael Schaack,"1,600",$0.78M
420,Pâfekuto burû,(1997),18,81 min,"Animation, Crime, Drama",8.0,67        ,Satoshi Kon,"85,688",$0.78M
421,Asterix in America,(1994),,85 min,"Animation, Adventure, Comedy",5.9,,Gerhard Hahn,"8,084",$0.77M
422,Omoide no Marnie,(2014),P13,103 min,"Animation, Drama, Family",7.7,72        ,Hiromasa Yonebayashi,"44,298",$0.77M
423,Fire and Ice,(1983),U,81 min,"Animation, Adventure, Fantasy",6.5,45        ,Ralph Bakshi,"11,816",$0.76M
424,Gekijô-ban poketto monsutaa: Mizu no Miyako no Mamori Gami Ratiasu to Ratiosu,(2002),,80 min,"Animation, Action, Adventure",6.0,27        ,Jim Malone,"6,549",$0.75M
425,Chaar Sahibzaade 2: Rise of Banda Singh Bahadur,(2016),,134 min,Animation,8.5,,Harry Baweja,821,$0.69M
426,The Secret of Kells,(2009),U,71 min,"Animation, Adventure, Family",7.5,81        ,Tomm Moore,"37,140",$0.69M
427,The Thief and the Cobbler,(1993),,99 min,"Animation, Action, Adventure",7.1,,Richard Williams,"4,380",$0.67M
428,Kochadaiiyaan,(2014),,118 min,"Animation, Action, Adventure",6.2,,Soundarya Rajinikanth Vishagan,"5,252",$0.66M
429,Metoroporisu,(2001),U,108 min,"Animation, Adventure, Drama",7.2,75        ,Rintarô,"22,094",$0.64M
430,The Pilgrim's Progress,(2019),PG,108 min,"Animation, Adventure, Family",6.3,,Robert Fernandez,800,$0.62M
431,Ozu no mahôtsukai,(1982),,78 min,"Animation, Family, Adventure",6.6,,Fumihiko Takayama,418,$0.61M
432,Invitation to the Dance,(1956),,93 min,"Animation, Fantasy, Musical",6.4,,Gene Kelly,962,$0.60M
433,El gran milagro,(2011),PG,70 min,"Animation, Drama",4.6,,Bruce Morris,392,$0.56M
434,Akira,(1988),P13,124 min,"Animation, Action, Drama",8.0,67        ,Katsuhiro Ôtomo,"195,554",$0.55M
435,"Uchiage hanabi, shita kara miru ka? Yoko kara miru ka?",(2017),,90 min,"Animation, Drama, Fantasy",5.5,40        ,Akiyuki Shinbô,"3,605",$0.53M
436,Code Geass: Fukkatsu No Lelouch,(2019),Not Rated,112 min,"Animation, Action, Adventure",7.3,,Gorô Taniguchi,"3,162",$0.52M
437,Kôkaku kidôtai,(1995),,83 min,"Animation, Action, Crime",7.9,76        ,Mamoru Oshii,"149,805",$0.52M
438,Delgo,(2008),PG,94 min,"Animation, Adventure, Comedy",4.3,27        ,Marc F. Adler,"3,125",$0.51M
439,Pound Puppies and the Legend of Big Paw,(1988),,76 min,"Animation, Adventure, Comedy",4.7,,Pierre DeCelles,676,$0.50M
440,Kaze no tani no Naushika,(1984),U,117 min,"Animation, Adventure, Sci-Fi",8.0,86        ,Hayao Miyazaki,"175,345",$0.50M
441,Bilal: A New Breed of Hero,(2015),PG-13,105 min,"Animation, Action, Adventure",7.6,52        ,Khurram H. Alavi,"18,972",$0.49M
442,Romeo & Juliet: Sealed with a Kiss,(2005),G,76 min,"Animation, Comedy, Drama",3.6,,Phil Nibbelink,404,$0.46M
443,Omohide poro poro,(1991),U,119 min,"Animation, Drama, Romance",7.6,90        ,Isao Takahata,"34,892",$0.45M
444,Gary Come Home,(2019),,78 min,"Animation, Action, Comedy",,,John Millies,,$0.45M
445,Condorito: La Película,(2017),PG,88 min,"Animation, Adventure, Comedy",5.2,,Alex Orrelle,931,$0.45M
446,Bakemono no ko,(2015),PG-13,119 min,"Animation, Action, Adventure",7.6,65        ,Mamoru Hosoda,"25,623",$0.45M
447,Suchîmubôi,(2004),PG-13,126 min,"Animation, Action, Adventure",6.8,66        ,Katsuhiro Ôtomo,"18,274",$0.41M
448,Yoru wa mijikashi aruke yo otome,(2017),,92 min,"Animation, Adventure, Comedy",7.5,65        ,Masaaki Yuasa,"5,816",$0.41M
449,Puella Magi Madoka Magica: The Movie 3: Rebelion,(2013),,116 min,"Animation, Drama, Fantasy",7.8,,Yukihiro Miyamoto,"3,892",$0.38M
450,Gandahar,(1987),,78 min,"Animation, Adventure, Fantasy",7.0,,René Laloux,"5,116",$0.37M
451,Chico & Rita,(2010),,94 min,"Animation, Crime, Drama",7.2,76        ,Tono Errando,"9,484",$0.35M
452,Jue ji,(2016),,118 min,"Animation, Adventure, Fantasy",5.1,,Jingming Guo,"1,307",$0.35M
453,Arthur et la vengeance de Maltazard,(2009),PG,107 min,"Animation, Adventure, Family",5.2,,Luc Besson,"10,407",$0.35M
454,The Prophet,(2014),PG,85 min,"Animation, Drama",7.0,61        ,Roger Allers,"4,907",$0.34M
455,The Breadwinner,(2017),PG-13,94 min,"Animation, Drama, Family",7.7,78        ,Nora Twomey,"27,253",$0.31M
456,Une vie de chat,(2010),PG,70 min,"Animation, Adventure, Comedy",6.9,63        ,Jean-Loup Felicioli,"11,632",$0.31M
457,Avril et le monde truqué,(2015),PG,105 min,"Animation, Adventure, Comedy",7.2,85        ,Christian Desmares,"8,169",$0.29M
458,Ernest et Célestine,(2012),PG,80 min,"Animation, Adventure, Comedy",7.8,86        ,Stéphane Aubier,"21,492",$0.29M
459,Ma vie de Courgette,(2016),PG-13,66 min,"Animation, Comedy, Drama",7.8,85        ,Claude Barras,"27,349",$0.29M
460,The Son of Bigfoot,(2017),PG,92 min,"Animation, Adventure, Comedy",6.1,,Jeremy Degruson,"7,680",$0.29M
461,Saga of Tanya the Evil Movie,(2019),Not Rated,115 min,"Animation, Action, Adventure",7.5,,Yutaka Uemura,"1,403",$0.29M
462,Kimi no suizô o tabetai,(2018),P13,109 min,"Animation, Drama, Family",8.0,,Shin'ichirô Ushijima,"20,741",$0.28M
463,Mobile Suit Gundam Narrative,(2018),P13,88 min,"Animation, Action, Drama",6.1,,Shun'ichi Yoshizawa,471,$0.26M
464,My Dog Tulip,(2009),,83 min,"Animation, Drama",6.9,80        ,Paul Fierlinger,"1,732",$0.25M
465,Kingsglaive: Final Fantasy XV,(2016),PG-13,110 min,"Animation, Action, Adventure",6.7,35        ,Takeshi Nozue,"22,649",$0.23M
466,Mutafukaz,(2017),R,94 min,"Animation, Action, Comedy",6.7,48        ,Shôjirô Nishimi,"4,901",$0.23M
467,Sarusuberi: Miss Hokusai,(2015),PG-13,93 min,"Animation, Biography, Drama",6.7,74        ,Keiichi Hara,"3,387",$0.22M
468,Jiang Ziya,(2020),,110 min,"Animation, Action, Adventure",6.5,,Teng Cheng,"2,082",$0.21M
469,I Married a Strange Person!,(1997),R,75 min,"Animation, Comedy, Drama",6.9,,Bill Plympton,"2,083",$0.20M
470,La planète sauvage,(1973),,72 min,"Animation, Sci-Fi",7.7,73        ,René Laloux,"34,568",$0.19M
471,Snoopy Come Home,(1972),,81 min,"Animation, Adventure, Comedy",7.4,66        ,Bill Melendez,"4,944",$0.19M
472,Digimon Adventure tri. 1: Saikai,(2015),U,96 min,"Animation, Action, Adventure",7.3,,Keitarô Motonaga,"1,836",$0.19M
473,Spark: A Space Tail,(2016),PG,91 min,"Animation, Action, Adventure",4.4,22        ,Aaron Woodley,"1,298",$0.19M
474,Sennen joyû,(2001),PG,87 min,"Animation, Drama, Fantasy",7.8,70        ,Satoshi Kon,"30,067",$0.19M
475,Gekijou-ban Mahou Shoujo Madoka*Magica: [Zenpen] Hajimari no monogatari,(2012),,130 min,"Animation, Drama, Fantasy",7.6,,Yukihiro Miyamoto,"1,639",$0.18M
476,Chiisana eiyû: Kani to tamago to tômei ningen,(2018),PG,53 min,"Animation, Adventure, Family",6.6,,Yoshiyuki Momose,"2,946",$0.18M
477,Hagane no renkinjutsushi: Mirosu no seinaru hoshi,(2011),U,110 min,"Animation, Action, Adventure",6.9,54        ,Kazuya Murata,"5,264",$0.18M
478,Chicago 10,(2007),R,110 min,"Documentary, Animation, History",7.4,69        ,Brett Morgen,"1,396",$0.18M
479,Evangelion Shin Gekijôban: Kyu,(2012),,96 min,"Animation, Action, Drama",6.9,45        ,Mahiro Maeda,"17,108",$0.17M
480,Kono sekai no katasumi ni,(2016),U,129 min,"Animation, Drama, Family",7.8,73        ,Sunao Katabuchi,"11,825",$0.17M
481,Gekijôban Fairy Tail: Dragon Cry,(2017),,85 min,"Animation, Action, Adventure",6.8,,Tatsuma Minamikawa,"2,334",$0.17M
482,Panique au village,(2009),U,75 min,"Animation, Adventure, Comedy",7.4,70        ,Stéphane Aubier,"8,493",$0.17M
483,Hell and Back,(2015),(Banned),86 min,"Animation, Adventure, Comedy",5.3,,Tom Gianas,"5,186",$0.16M
484,Luis and His Friends from Outer Space,(2018),PG,86 min,"Animation, Adventure, Comedy",6.0,46        ,Christoph Lauenstein,"2,776",$0.15M
485,The Trumpet of the Swan,(2001),,75 min,"Animation, Drama, Family",5.0,27        ,Terry L. Noss,"1,243",$0.15M
486,Vampire Hunter D: Bloodlust,(2000),R,103 min,"Animation, Action, Drama",7.6,62        ,Jack Fletcher,"33,787",$0.15M
487,Shrek 2 Retold,(2023),,92 min,Animation,,,Grant Duffrin,,$0.15M
488,The Velveteen Rabbit,(2009),,97 min,"Animation, Drama, Family",6.2,,Michael Landon Jr.,798,$0.14M
489,Ekkusu,(1996),R,100 min,"Animation, Action, Fantasy",6.1,,Rintarô,"2,766",$0.14M
490,Gekijouban Psycho-Pass,(2015),,113 min,"Animation, Action, Crime",7.1,,Naoyoshi Shiotani,"4,275",$0.14M
491,The Congress,(2013),,122 min,"Animation, Drama, Sci-Fi",6.4,63        ,Ari Folman,"19,435",$0.14M
492,Waka okami wa shôgakusei!,(2018),PG,94 min,"Animation, Adventure, Drama",7.0,70        ,Kitarô Kôsaka,"2,159",$0.13M
493,Evangerion shin gekijôban: Ha,(2009),,112 min,"Animation, Action, Drama",7.9,46        ,Masayuki,"23,412",$0.13M
494,Is the Man Who Is Tall Happy?: An Animated Conversation with Noam Chomsky,(2013),,88 min,"Documentary, Animation, Biography",7.1,76        ,Michel Gondry,"3,604",$0.13M
495,Xiao zhu pei qi guo da nian,(2019),G,81 min,"Animation, Family",3.6,,Dapeng Zhang,93,$0.13M
496,O Menino e o Mundo,(2013),PG,80 min,"Animation, Adventure, Family",7.5,80        ,Alê Abreu,"7,362",$0.13M
497,Appurushîdo,(2004),R,101 min,"Animation, Action, Adventure",6.9,40        ,Shinji Aramaki,"18,356",$0.13M
498,Tôkyô goddofâzâzu,(2003),PG-13,92 min,"Animation, Adventure, Comedy",7.8,74        ,Satoshi Kon,"43,580",$0.13M
499,Happy Family,(2017),PG,93 min,"Animation, Comedy, Family",4.8,,Holger Tappe,"5,202",$0.13M
500,"Ruben Brandt, a gyujto",(2018),R,96 min,"Animation, Action, Crime",7.4,75        ,Milorad Krstic,"8,038",$0.12M
501,Otesánek,(2000),,132 min,"Animation, Comedy, Drama",7.3,74        ,Jan Svankmajer,"6,676",$0.12M
502,Rudolph the Red-Nosed Reindeer: The Movie,(1998),,92 min,"Animation, Adventure, Family",5.8,,William R. Kowalchuk Jr.,"2,982",$0.11M
503,Yoake tsugeru Rû no uta,(2017),PG,112 min,"Animation, Adventure, Comedy",6.8,62        ,Masaaki Yuasa,"2,541",$0.11M
504,Gekijouban Ano hi mita hana no namae wo bokutachi wa mada shiranai.,(2013),,99 min,"Animation, Adventure, Drama",7.3,,Tatsuyuki Nagai,"2,620",$0.11M
505,Evangelion Shin Gekijôban: Jo,(2007),U,98 min,"Animation, Action, Drama",7.6,66        ,Masayuki,"26,038",$0.11M
506,The Trouble with Terkel,(2010),,87 min,"Animation, Comedy, Drama",7.2,,Thorbjørn Christoffersen,393,$0.11M
507,Kanashimi no Beradonna,(1973),,86 min,"Animation, Drama, Fantasy",7.3,70        ,Eiichi Yamamoto,"7,073",$0.11M
508,Kaptein Sabeltann,(2003),PG,75 min,"Animation, Family",5.5,,Stig Bergqvist,248,$0.10M
509,Kôkaku Kidôtai Shin Gekijôban,(2015),,100 min,"Animation, Action, Sci-Fi",6.6,,Kazuchika Kise,"4,019",$0.10M
510,Jin-Rô,(1999),,102 min,"Animation, Action, Drama",7.3,59        ,Hiroyuki Okiura,"17,847",$0.09M
511,Tower,(2016),,82 min,"Documentary, Animation, Crime",7.9,92        ,Keith Maitland,"8,173",$0.09M
512,Eternal Spring,(2022),,86 min,"Documentary, Animation",6.9,71        ,Jason Loftus,"1,630",$0.09M
513,American: The Bill Hicks Story,(2009),,102 min,"Documentary, Animation, Biography",7.7,55        ,Matt Harlock,"4,959",$0.09M
514,Hao jile,(2017),,77 min,"Animation, Comedy, Crime",6.5,77        ,Jian Liu,"2,144",$0.08M
515,Bugs Bunny's 3rd Movie: 1001 Rabbit Tales,(1982),,74 min,"Animation, Adventure, Comedy",7.0,,Friz Freleng,"2,140",$0.08M
516,Samâ uôzu,(2009),U,114 min,"Animation, Action, Adventure",7.4,63        ,Mamoru Hosoda,"30,867",$0.08M
517,Peur(s) du noir,(2007),,83 min,"Animation, Horror, Mystery",6.6,69        ,Blutch,"3,196",$0.08M
518,Lói: Þú Flýgur Aldrei Einn,(2018),PG,83 min,"Animation, Adventure, Family",5.4,,Ives Agemans,"1,178",$0.08M
519,Teheran Tabu,(2017),,96 min,"Animation, Drama",7.1,74        ,Ali Soozandeh,"4,784",$0.07M
520,Gekijoban Hibike! Euphonium: Chikai no Finale,(2019),,100 min,"Animation, Drama, Music",7.2,,Tatsuya Ishihara,438,$0.07M
521,A Troll in Central Park,(1994),,76 min,"Animation, Adventure, Comedy",5.3,,Don Bluth,"7,064",$0.07M
522,The Secret Adventures of Tom Thumb,(1993),,60 min,"Animation, Adventure, Drama",7.3,,Dave Borthwick,"1,590",$0.07M
523,2012: Time for Change,(2010),,85 min,"Documentary, Animation, News",7.0,,Joao G. Amorim,373,$0.07M
524,An Oversimplification of Her Beauty,(2012),,84 min,"Animation, Comedy, Drama",6.3,74        ,Terence Nance,794,$0.07M
525,My Entire High School Sinking Into the Sea,(2016),PG-13,75 min,"Animation, Action, Comedy",6.1,72        ,Dash Shaw,"1,220",$0.07M
526,Na pude aneb Kdo má dneska narozeniny?,(2009),PG,74 min,"Animation, Family, Fantasy",6.4,64        ,Jirí Barta,773,$0.06M
527,Renaissance,(2006),R,105 min,"Animation, Action, Sci-Fi",6.6,57        ,Christian Volckman,"16,289",$0.06M
528,Gekijou-ban Mahou Shoujo Madoka*Magica: [Kouhen] Eien no monogatari,(2012),,109 min,"Animation, Fantasy, Mystery",7.9,,Yukihiro Miyamoto,"1,598",$0.06M
529,Trigun: Badlands Rumble,(2010),P13,90 min,"Animation, Action, Adventure",7.4,,Satoshi Nishimura,"5,707",$0.06M
530,Kirikou et la sorcière,(1998),,71 min,"Animation, Adventure, Family",7.5,77        ,Michel Ocelot,"10,361",$0.06M
531,Digimon Adventure tri. 4: Sôshitsu,(2017),,82 min,"Animation, Action, Adventure",7.1,,Cristina Valenzuela,"1,016",$0.06M
532,Gumby 1,(1995),,90 min,"Animation, Adventure, Comedy",6.0,,Art Clokey,983,$0.06M
533,Ôritsu uchûgun Oneamisu no tsubasa,(1987),U,121 min,"Animation, Drama, Sci-Fi",7.2,,Hiroyuki Yamaga,"5,543",$0.06M
534,Roadside Romeo,(2008),,93 min,"Animation, Adventure, Comedy",4.8,,Jugal Hansraj,"1,601",$0.06M
535,Digimon Adventure tri. 6: Bokura no mirai,(2018),,98 min,"Animation, Action, Adventure",7.1,,Cherami Leigh,871,$0.05M
536,Digimon Adventure tri. 5: Kyôsei,(2017),,89 min,"Animation, Action, Adventure",6.8,,Keitarô Motonaga,898,$0.05M
537,$9.99,(2008),R,78 min,"Animation, Drama, Fantasy",6.7,68        ,Tatia Rosenthal,"3,427",$0.05M
538,Babar: King of the Elephants,(1999),,80 min,"Family, Animation",6.0,,Raymond Jafelice,573,$0.05M
539,Gedo senki,(2006),U,115 min,"Animation, Adventure, Fantasy",6.3,47        ,Gorô Miyazaki,"42,019",$0.05M
540,Hirune-hime: Shiranai watashi no monogatari,(2017),P13,111 min,"Animation, Adventure, Drama",6.3,69        ,Kenji Kamiyama,"1,492",$0.05M
541,Sílení,(2005),,118 min,"Animation, Comedy, Drama",7.2,63        ,Jan Svankmajer,"3,861",$0.05M
542,Liyana,(2017),,77 min,"Documentary, Animation",7.4,80        ,Aaron Kopp,375,$0.04M
543,"Psiconautas, los niños olvidados",(2015),,76 min,"Animation, Drama, Sci-Fi",7.2,76        ,Pedro Rivero,"2,911",$0.04M
544,Moondance Alexander,(2007),,94 min,"Animation, Drama, Family",6.2,,Michael Damian,"1,408",$0.04M
545,Mind Game,(I) (2004),,103 min,"Animation, Adventure, Comedy",7.7,66        ,Masaaki Yuasa,"10,196",$0.04M
546,Le grand méchant renard et autres contes...,(2017),G,83 min,"Animation, Adventure, Comedy",7.4,73        ,Patrick Imbert,"3,454",$0.04M
547,The Films of the Brothers Quay,,,78 min,"Documentary, Animation",,,Stephen Quay,,$0.04M
548,Bai She: Yuan qi,(2019),,99 min,"Animation, Action, Adventure",7.0,60        ,Amp Wong,"4,890",$0.03M
549,Rakuen Tsuiho: Expelled from Paradise,(2014),,104 min,"Animation, Action, Adventure",6.6,,Seiji Mizushima,"1,799",$0.03M
